Workbook
Name _Hlk224309349: 模版位!$A$3
Name _Hlk224309349: '模版位 -中文'!$A$4

Sheet 模版位
A3: Số thứ tự | B3: Ký hiệu lưu đồ | D3: Tên công việc | E3: Bộ phận phụ trách | F3: Bộ phận hỗ trợ | G3: Mô tả tóm tắt công việc | H3: Tài liệu tham khảo | I3: Biểu mẫu sử dụng | J3: Ghi chú
A4: 編號 | B4: 流程圖符號 | D4: 工作名稱 | E4: 負責部門 | F4: 協助部門 | G4: 工作綱要說明 | H4: 參考文件 | I4: 使用表單 | J4: 備註
A6: 1-1-1 | D6: Khách hang客戶 | G6: Hỏi về các sản phẩm liên quan詢問相關產品 | I6: E-mail,Tel,Fax
A8: 1-1-2 | D8: Cuộc điều tra詢價 | E8: Kinh doanh業務 | G8: Hỏi về đơn giá詢問單價
A10: 1-1-3 | D10: Kiểm toán kỹ thuật工程審核 | E10: Kỹ thuật工程 | F10: Kinh doanh業務 | G10: Gửi dữ liệu yêu cầu của khách hàng đến thông số kỹ thuật đánh giá dự án將客戶詢價資料交工程審核規格 | I10: Mẫu đánh giá mẫu打樣審核表
A12: 1-1-4 | D12: Báo giá報價 | E12: Kinh doanh業務 | G12: Tính toán chi phí và lập báo giá. Số fax. Thư điện tử. Xác nhận.核算成本,制作報價單.傳真.E-mail. 確認. | H12: Thông tin thắc mắc của khách hàng客戶詢價資料 | I12: Báo giá報價單 | J12: tổng giám đốc hoặc phó tổng giám đốc ký交總經理或副總經理簽字

Sheet 模版位 -中文
A1: 流程圖名稱: | B1: 業務作業流程圖 | D1: 發行日期 | E1: 45979 | G1: 修訂日期 | I1: 45979 | J1: 流 程 圖 發 行 管 制
A2: 流程圖編號: | B2: WP001 | D2: 執行日期 | E2: 45979 | G2: 版 本 | I2: 1
A3: 核 准 : | C3: 審 核： | F3: 制 作 : | H3: 梅海春
A4: Số thứ tự | B4: Ký hiệu lưu đồ | D4: Tên công việc | E4: Bộ phận phụ trách | F4: Bộ phận hỗ trợ | G4: Mô tả tóm tắt công việc | H4: Tài liệu tham khảo | I4: Biểu mẫu sử dụng | J4: Ghi chú
A5: 編號 | B5: 流程圖符號 | D5: 工作名稱 | E5: 負責部門 | F5: 協助部門 | G5: 工作綱要說明 | H5: 參考文件 | I5: 使用表單 | J5: 備註
A8: 1-1-1 | D8: 客戶 | G8: 詢問相關產品 | I8: E-mail,Tel,Fax
A9: 1-1-2 | D9: 詢價 | E9: 業務 | G9: 詢問單價
A10: 1-1-3 | D10: 工程審核 | E10: 工程 | F10: 業務 | G10: 將客戶詢價資料交工程審核規格 | I10: 打樣審核表
A11: 1-1-4 | D11: 報價 | E11: 業務 | G11: 核算成本,制作報價單.傳真.E-mail. 確認. | H11: 客戶詢價資料 | I11: 報價單 | J11: 交總經理或副總經理簽字
A12: 1-1-5 | D12: 索樣 | E12: 業務 | F12: 工程 | G12: 按報價的規格.數量.交樣日期 | I12: 樣品需求單 | J12: 依客戶要求(有些客戶先索樣再報價)
A13: 1-1-6 | D13: 安排打樣 | E13: 工程 | F13: 業務 | G13: 交車間制作相關樣品 | I13: 樣品需求單、打樣制造單
A14: 1-1-7 | D14: 送樣 | E14: 業務 | F14: 工程 | G14: 將樣品及承認書交客戶 | I14: 送樣登記本
B15: NO | G15: 重新送樣
A16: 1-1-8 | D16: 跟催承認 | E16: 業務 | G16: 追蹤承認結果 | I16: 承認書 | J16: 客戶回簽,工程存檔
A17: 1-1-9 | D17: 做制造規格發行 | E17: 工程 | G17: 依確認結果做制造規格 | H17: 工程作業流程
A18: 1-2-1 | D18: 下單 | E18: 客戶 | G18: 按照訂單與客戶協調并確認 | I18: 客戶訂單
B19: NO
A20: 1-2-2 | D20: 訂單確認 | E20: 業務 | G20: 確認訂單單價.數量.交期. 規格及其他要求. | I20: 客戶訂單
A21: 1-2-3 | B21: 外部 | D21: 開合約審查 | E21: 業務 | F21: 生管 | G21: 按客戶訂單要求通知生管安排生產 | I21: 合約/訂單審查記錄表.規格變更通知單
B22: 變更
A23: 1-2-4 | B23: 內部 | D23: 生管回覆 | E23: 生管 | F23: 業務 | G23: OK或無法達成通知業務與客戶協調
B24: 變更
A25: 1-2-5 | B25: NO | D25: 訂單回傳 | E25: 業務 | G25: 與客戶確認訂單(規格.數量.定期) | I25: 客戶訂單 | J25: 交協理簽字
G26: 與客戶協調(規格.數量.定期) | I26: 交貨計劃表
A27: 1-2-6 | D27: 出貨,開發票 | E27: 生管 | F27: 財務 | G27: 按客戶訂單準備出貨或按客戶通知 | H27: 生管作業流程 | I27: 送貨單
A28: 1-2-7 | D28: 收款 | E28: 業務 | F28: 財務 | G28: 追蹤貨款 | I28: 發票及送貨單
A29: 2-1 | D29: 年度客戶滿意度 | E29: 業務 | G29: 以品質、交期、服務等為考核依據 | J29: Fax至客戶並要求其回傳
A30: 2-2 | D30: 時間.對象 | E30: 業務 | G30: 不定期,對象標準 | I30: 客戶滿意度調查表 | J30: 半年對售后服務取得的資訊進行整理、統計、分析
A31: 2-3 | D31: 分析反饋資訊 | E31: 相關部門 | G31: 1.未達及格分以上 | H31: 客戶滿意度調查表 | I31: 客戶滿意度調查表
G32: 2.客戶建議事項
A33: 2-4 | D33: 與相關部門檢討 | E33: 業務 | G33: 討論以上2點
A34: 2-5 | D34: 改善 | E34: 品保 | F34: 相關部門 | G34: 1.品質提昇
G35: 2.滿足客戶需求
A36: 2-6 | D36: 與往年作比較 | E36: 業務 | G36: 是否有提升
A37: 2-7 | D37: 歸檔 | E37: 業務

Sheet 模版位-越文
A1: Tên lưu đồ: | B1: Sơ đồ hoạt động kinh doanh | D1: Ngày phát hành | E1: 45979 | G1: Ngày sửa đổi | I1: 45979 | J1: Phát hành và quản lý sơ đồ dòng chảy
A2: Số sơ đồ: | B2: WP001 | D2: Ngày thực hiện | E2: 45979 | G2: Phiên bản | I2: 1
A3: Phê duyệt: | C3: Đánh giá: | F3: Sản xuất: | H3: Mei Haichun
A4: Số thứ tự | B4: Ký hiệu lưu đồ | D4: Tên công việc | E4: Bộ phận phụ trách | F4: Bộ phận hỗ trợ | G4: Mô tả tóm tắt công việc | H4: Tài liệu tham khảo | I4: Biểu mẫu sử dụng | J4: Ghi chú
A5: 編號 | B5: 流程圖符號 | D5: 工作名稱 | E5: 負責部門 | F5: 協助部門 | G5: 工作綱要說明 | H5: 參考文件 | I5: 使用表單 | J5: 備註
A8: 1-1-1 | D8: Khách hàng | G8: Hỏi về các sản phẩm liên quan | I8: E-mail, Điện thoại, Fax
A9: 1-1-2 | D9: Cuộc điều tra | E9: Kinh doanh | G9: Hỏi về đơn giá
A10: 1-1-3 | D10: Kiểm toán kỹ thuật | E10: Kỹ thuật | F10: Kinh doanh | G10: Gửi dữ liệu yêu cầu của khách hàng đến thông số kỹ thuật đánh giá dự án | I10: Mẫu đánh giá mẫu
A11: 1-1-4 | D11: Báo giá | E11: Kinh doanh | G11: Tính toán chi phí và lập báo giá. Số fax. Thư điện tử. Xác nhận. | H11: Thông tin thắc mắc của khách hàng | I11: Báo giá | J11: tổng giám đốc hoặc phó tổng giám đốc ký
A12: 1-1-5 | D12: Mẫu vật | E12: Kinh doanh | F12: Kỹ thuật | G12: Theo thông số kỹ thuật của báo giá. Số lượng. Ngày nộp hồ sơ | I12: Đơn đặt hàng theo yêu cầu mẫu | J12: Theo yêu cầu của khách hàng (một số khách hàng yêu cầu mẫu trước rồi mới báo giá)
A13: 1-1-6 | D13: Sắp xếp kiểm tra | E13: Kỹ thuật | F13: Kinh doanh | G13: Các mẫu liên quan được thực hiện trong xưởng | I13: Đơn đặt hàng yêu cầu mẫu, đơn đặt hàng sản xuất kiểm tra
A14: 1-1-7 | D14: Gửi mẫu | E14: Kinh doanh | F14: Kỹ thuật | G14: Gửi mẫu và giấy chứng nhận phê duyệt cho khách hàng | I14: Bản sao đăng ký giao hàng mẫu
B15: KHÔNG | G15: Lấy mẫu lại
A16: 1-1-8 | D16: Làm theo sự thôi thúc để thừa nhận | E16: Kinh doanh | G16: Theo dõi kết quả xác nhận | I16: Thư chấp thuận | J16: Chữ ký trả lại của khách hàng, lưu trữ dự án
A17: 1-1-9 | D17: Thực hiện việc ban hành thông số kỹ thuật sản xuất | E17: Kỹ thuật | G17: Thông số kỹ thuật sản xuất được thực hiện theo kết quả xác nhận | H17: Quy trình vận hành kỹ thuật
A18: 1-2-1 | D18: Đặt hàng | E18: Khách hàng | G18: Phối hợp và xác nhận với khách hàng theo đơn đặt hàng | I18: Đơn đặt hàng của khách hàng
B19: KHÔNG
A20: 1-2-2 | D20: Xác nhận đơn hàng | E20: Kinh doanh | G20: Xác nhận đơn giá của lệnh. Số lượng. Thời gian giao hàng. Thông số kỹ thuật và các yêu cầu khác. | I20: Đơn đặt hàng của khách hàng
A21: 1-2-3 | B21: Bên ngoài | D21: Xem xét hợp đồng | E21: Kinh doanh | F21: Ống thô | G21: Theo yêu cầu đặt hàng của khách hàng, ban quản lý sản xuất được thông báo để sắp xếp sản xuất | I21: Mẫu hồ sơ xem xét hợp đồng/đơn hàng. Thông báo thay đổi thông số kỹ thuật
B22: Thay đổi
A23: 1-2-4 | B23: Bên trong | D23: Viên chức y sinh trả lời | E23: Ống thô | F23: Kinh doanh | G23: OK hoặc không thể liên hệ với doanh nghiệp thông báo và phối hợp với khách hàng
B24: Thay đổi
A25: 1-2-5 | B25: KHÔNG | D25: Trả lại đơn hàng | E25: Kinh doanh | G25: Xác nhận đơn hàng với khách hàng (thông số kỹ thuật. Số lượng. Định kỳ) | I25: Đơn đặt hàng của khách hàng | J25: Gửi cho trợ lý giám đốc để ký
G26: Phối hợp với khách hàng (thông số kỹ thuật. Số lượng. Định kỳ) | I26: Lịch giao hàng
A27: 1-2-6 | D27: Vận chuyển, lập hóa đơn | E27: Ống thô | F27: Tài chính | G27: Chuẩn bị giao hàng theo đơn đặt hàng của khách hàng hoặc theo thông báo của khách hàng | H27: Quy trình vận hành quản lý sản xuất | I27: Phiếu giao hàng
A28: 1-2-7 | D28: Bộ sưu tập | E28: Kinh doanh | F28: Tài chính | G28: Theo dõi thanh toán | I28: Hóa đơn và phiếu giao hàng
A29: 2-1 | D29: Sự hài lòng của khách hàng hàng năm | E29: Kinh doanh | G29: Chất lượng, giao hàng, dịch vụ, v.v. được sử dụng làm cơ sở để đánh giá | J29: Fax cho khách hàng và yêu cầu họ trả lại
A30: 2-2 | D30: Thời gian. Đối tượng | E30: Kinh doanh | G30: không thường xuyên, tiêu chuẩn mục tiêu | I30: Bảng câu hỏi về sự hài lòng của khách hàng | J30: Sắp xếp và phân tích thông tin thu được từ dịch vụ sau bán hàng sáu tháng một lần
A31: 2-3 | D31: Phân tích phản hồi | E31: Các bộ phận liên quan | G31: 1. Không đạt điểm đậu trở lên | H31: Bảng câu hỏi về sự hài lòng của khách hàng | I31: Bảng câu hỏi về sự hài lòng của khách hàng
G32: 2. Gợi ý của khách hàng
A33: 2-4 | D33: Xem xét với các bộ phận liên quan | E33: Kinh doanh | G33: Thảo luận hai điểm trên
A34: 2-5 | D34: cải thiện | E34: Đảm bảo chất lượng | F34: Các bộ phận liên quan | G34: 1. Cải tiến chất lượng
G35: 2. Đáp ứng nhu cầu của khách hàng
A36: 2-6 | D36: So sánh với các năm trước | E36: Kinh doanh | G36: Cho dù có cải thiện hay không
A37: 2-7 | D37: Khai thuế | E37: Kinh doanh

Sheet 模版位-中越合并
A1: =_xlfn.CONCAT('模版位-越文'!A1,"/",'模版位 -中文'!A1) -> Tên lưu đồ:/流程圖名稱: | B1: =_xlfn.CONCAT('模版位-越文'!B1,"/",'模版位 -中文'!B1) -> Sơ đồ hoạt động kinh doanh/業務作業流程圖 | D1: =_xlfn.CONCAT('模版位-越文'!D1,"/",'模版位 -中文'!D1) -> Ngày phát hành/發行日期 | E1: ='模版位 -中文'!E1 -> 45979 | G1: =_xlfn.CONCAT('模版位-越文'!G1,"/",'模版位 -中文'!G1) -> Ngày sửa đổi/修訂日期 | I1: ='模版位 -中文'!I1 -> 45979 | J1: =_xlfn.CONCAT('模版位-越文'!J1,"/",'模版位 -中文'!J1) -> Phát hành và quản lý sơ đồ dòng chảy/流 程 圖 發 行 管 制
A2: =_xlfn.CONCAT('模版位-越文'!A2,"/",'模版位 -中文'!A2) -> Số sơ đồ:/流程圖編號: | B2: ='模版位 -中文'!B2 -> WP001 | D2: =_xlfn.CONCAT('模版位-越文'!D2,"/",'模版位 -中文'!D2) -> Ngày thực hiện/執行日期 | E2: ='模版位 -中文'!E2 -> 45979 | G2: =_xlfn.CONCAT('模版位-越文'!G2,"/",'模版位 -中文'!G2) -> Phiên bản/版 本 | I2: ='模版位 -中文'!I2 -> 1
A3: =_xlfn.CONCAT('模版位-越文'!A3,"/",'模版位 -中文'!A3) -> Phê duyệt:/核 准 : | C3: =_xlfn.CONCAT('模版位-越文'!C3,"/",'模版位 -中文'!C3) -> Đánh giá:/審 核： | F3: =_xlfn.CONCAT('模版位-越文'!F3,"/",'模版位 -中文'!F3) -> Sản xuất:/制 作 : | H3: ='模版位 -中文'!H3 -> 梅海春
A4: Số thứ tự | B4: Ký hiệu lưu đồ | D4: Tên công việc | E4: Bộ phận phụ trách | F4: Bộ phận hỗ trợ | G4: Mô tả tóm tắt công việc | H4: Tài liệu tham khảo | I4: Biểu mẫu sử dụng | J4: Ghi chú
A5: 編號 | B5: 流程圖符號 | D5: 工作名稱 | E5: 負責部門 | F5: 協助部門 | G5: 工作綱要說明 | H5: 參考文件 | I5: 使用表單 | J5: 備註
D7: =_xlfn.CONCAT('模版位-越文'!D7,"/",'模版位 -中文'!D7) -> / | E7: =_xlfn.CONCAT('模版位-越文'!E7,"/",'模版位 -中文'!E7) -> / | F7: =_xlfn.CONCAT('模版位-越文'!F7,"/",'模版位 -中文'!F7) -> / | G7: =_xlfn.CONCAT('模版位-越文'!G7,"/",'模版位 -中文'!G7) -> / | H7: =_xlfn.CONCAT('模版位-越文'!H7,"/",'模版位 -中文'!H7) -> / | I7: =_xlfn.CONCAT('模版位-越文'!I7,"/",'模版位 -中文'!I7) -> / | J7: =_xlfn.CONCAT('模版位-越文'!J7,"/",'模版位 -中文'!J7) -> /
A8: 1-1-1 | D8: =_xlfn.CONCAT('模版位-越文'!D8,"/",'模版位 -中文'!D8) -> Khách hàng/客戶 | E8: =_xlfn.CONCAT('模版位-越文'!E8,"/",'模版位 -中文'!E8) -> / | F8: =_xlfn.CONCAT('模版位-越文'!F8,"/",'模版位 -中文'!F8) -> / | G8: =_xlfn.CONCAT('模版位-越文'!G8,"/",'模版位 -中文'!G8) -> Hỏi về các sản phẩm liên quan/詢問相關產品 | H8: =_xlfn.CONCAT('模版位-越文'!H8,"/",'模版位 -中文'!H8) -> / | I8: =_xlfn.CONCAT('模版位-越文'!I8,"/",'模版位 -中文'!I8) -> E-mail, Điện thoại, Fax/E-mail,Tel,Fax | J8: =_xlfn.CONCAT('模版位-越文'!J8,"/",'模版位 -中文'!J8) -> /
A9: 1-1-2 | D9: =_xlfn.CONCAT('模版位-越文'!D9,"/",'模版位 -中文'!D9) -> Cuộc điều tra/詢價 | E9: =_xlfn.CONCAT('模版位-越文'!E9,"/",'模版位 -中文'!E9) -> Kinh doanh/業務 | F9: =_xlfn.CONCAT('模版位-越文'!F9,"/",'模版位 -中文'!F9) -> / | G9: =_xlfn.CONCAT('模版位-越文'!G9,"/",'模版位 -中文'!G9) -> Hỏi về đơn giá/詢問單價 | H9: =_xlfn.CONCAT('模版位-越文'!H9,"/",'模版位 -中文'!H9) -> / | I9: =_xlfn.CONCAT('模版位-越文'!I9,"/",'模版位 -中文'!I9) -> / | J9: =_xlfn.CONCAT('模版位-越文'!J9,"/",'模版位 -中文'!J9) -> /
A10: 1-1-3 | D10: =_xlfn.CONCAT('模版位-越文'!D10,"/",'模版位 -中文'!D10) -> Kiểm toán kỹ thuật/工程審核 | E10: =_xlfn.CONCAT('模版位-越文'!E10,"/",'模版位 -中文'!E10) -> Kỹ thuật/工程 | F10: =_xlfn.CONCAT('模版位-越文'!F10,"/",'模版位 -中文'!F10) -> Kinh doanh/業務 | G10: =_xlfn.CONCAT('模版位-越文'!G10,"/",'模版位 -中文'!G10) -> Gửi dữ liệu yêu cầu của khách hàng đến thông số kỹ thuật đánh giá dự án/將客戶詢價資料交工程審核規格 | H10: =_xlfn.CONCAT('模版位-越文'!H10,"/",'模版位 -中文'!H10) -> / | I10: =_xlfn.CONCAT('模版位-越文'!I10,"/",'模版位 -中文'!I10) -> Mẫu đánh giá mẫu/打樣審核表 | J10: =_xlfn.CONCAT('模版位-越文'!J10,"/",'模版位 -中文'!J10) -> /
A11: 1-1-4 | D11: =_xlfn.CONCAT('模版位-越文'!D11,"/",'模版位 -中文'!D11) -> Báo giá/報價 | E11: =_xlfn.CONCAT('模版位-越文'!E11,"/",'模版位 -中文'!E11) -> Kinh doanh/業務 | F11: =_xlfn.CONCAT('模版位-越文'!F11,"/",'模版位 -中文'!F11) -> / | G11: =_xlfn.CONCAT('模版位-越文'!G11,"/",'模版位 -中文'!G11) -> Tính toán chi phí và lập báo giá. Số fax. Thư điện tử. Xác nhận./核算成本,制作報價單.傳真.E-mail. 確認. | H11: =_xlfn.CONCAT('模版位-越文'!H11,"/",'模版位 -中文'!H11) -> Thông tin thắc mắc của khách hàng/客戶詢價資料 | I11: =_xlfn.CONCAT('模版位-越文'!I11,"/",'模版位 -中文'!I11) -> Báo giá/報價單 | J11: =_xlfn.CONCAT('模版位-越文'!J11,"/",'模版位 -中文'!J11) -> tổng giám đốc hoặc phó tổng giám đốc ký/交總經理或副總經理簽字
A12: 1-1-5 | D12: =_xlfn.CONCAT('模版位-越文'!D12,"/",'模版位 -中文'!D12) -> Mẫu vật/索樣 | E12: =_xlfn.CONCAT('模版位-越文'!E12,"/",'模版位 -中文'!E12) -> Kinh doanh/業務 | F12: =_xlfn.CONCAT('模版位-越文'!F12,"/",'模版位 -中文'!F12) -> Kỹ thuật/工程 | G12: =_xlfn.CONCAT('模版位-越文'!G12,"/",'模版位 -中文'!G12) -> Theo thông số kỹ thuật của báo giá. Số lượng. Ngày nộp hồ sơ/按報價的規格.數量.交樣日期 | H12: =_xlfn.CONCAT('模版位-越文'!H12,"/",'模版位 -中文'!H12) -> / | I12: =_xlfn.CONCAT('模版位-越文'!I12,"/",'模版位 -中文'!I12) -> Đơn đặt hàng theo yêu cầu mẫu/樣品需求單 | J12: =_xlfn.CONCAT('模版位-越文'!J12,"/",'模版位 -中文'!J12) -> Theo yêu cầu của khách hàng (một số khách hàng yêu cầu mẫu trước rồi mới báo giá)/依客戶要求(有些客戶先索樣再報價)
A13: 1-1-6 | D13: =_xlfn.CONCAT('模版位-越文'!D13,"/",'模版位 -中文'!D13) -> Sắp xếp kiểm tra/安排打樣 | E13: =_xlfn.CONCAT('模版位-越文'!E13,"/",'模版位 -中文'!E13) -> Kỹ thuật/工程 | F13: =_xlfn.CONCAT('模版位-越文'!F13,"/",'模版位 -中文'!F13) -> Kinh doanh/業務 | G13: =_xlfn.CONCAT('模版位-越文'!G13,"/",'模版位 -中文'!G13) -> Các mẫu liên quan được thực hiện trong xưởng/交車間制作相關樣品 | H13: =_xlfn.CONCAT('模版位-越文'!H13,"/",'模版位 -中文'!H13) -> / | I13: =_xlfn.CONCAT('模版位-越文'!I13,"/",'模版位 -中文'!I13) -> Đơn đặt hàng yêu cầu mẫu, đơn đặt hàng sản xuất kiểm tra/樣品需求單、打樣制造單 | J13: =_xlfn.CONCAT('模版位-越文'!J13,"/",'模版位 -中文'!J13) -> /
A14: 1-1-7 | D14: =_xlfn.CONCAT('模版位-越文'!D14,"/",'模版位 -中文'!D14) -> Gửi mẫu/送樣 | E14: =_xlfn.CONCAT('模版位-越文'!E14,"/",'模版位 -中文'!E14) -> Kinh doanh/業務 | F14: =_xlfn.CONCAT('模版位-越文'!F14,"/",'模版位 -中文'!F14) -> Kỹ thuật/工程 | G14: =_xlfn.CONCAT('模版位-越文'!G14,"/",'模版位 -中文'!G14) -> Gửi mẫu và giấy chứng nhận phê duyệt cho khách hàng/將樣品及承認書交客戶 | H14: =_xlfn.CONCAT('模版位-越文'!H14,"/",'模版位 -中文'!H14) -> / | I14: =_xlfn.CONCAT('模版位-越文'!I14,"/",'模版位 -中文'!I14) -> Bản sao đăng ký giao hàng mẫu/送樣登記本 | J14: =_xlfn.CONCAT('模版位-越文'!J14,"/",'模版位 -中文'!J14) -> /
D15: =_xlfn.CONCAT('模版位-越文'!D15,"/",'模版位 -中文'!D15) -> / | E15: =_xlfn.CONCAT('模版位-越文'!E15,"/",'模版位 -中文'!E15) -> / | F15: =_xlfn.CONCAT('模版位-越文'!F15,"/",'模版位 -中文'!F15) -> / | G15: =_xlfn.CONCAT('模版位-越文'!G15,"/",'模版位 -中文'!G15) -> Lấy mẫu lại/重新送樣 | H15: =_xlfn.CONCAT('模版位-越文'!H15,"/",'模版位 -中文'!H15) -> / | I15: =_xlfn.CONCAT('模版位-越文'!I15,"/",'模版位 -中文'!I15) -> / | J15: =_xlfn.CONCAT('模版位-越文'!J15,"/",'模版位 -中文'!J15) -> /
A16: 1-1-8 | D16: =_xlfn.CONCAT('模版位-越文'!D16,"/",'模版位 -中文'!D16) -> Làm theo sự thôi thúc để thừa nhận/跟催承認 | E16: =_xlfn.CONCAT('模版位-越文'!E16,"/",'模版位 -中文'!E16) -> Kinh doanh/業務 | F16: =_xlfn.CONCAT('模版位-越文'!F16,"/",'模版位 -中文'!F16) -> / | G16: =_xlfn.CONCAT('模版位-越文'!G16,"/",'模版位 -中文'!G16) -> Theo dõi kết quả xác nhận/追蹤承認結果 | H16: =_xlfn.CONCAT('模版位-越文'!H16,"/",'模版位 -中文'!H16) -> / | I16: =_xlfn.CONCAT('模版位-越文'!I16,"/",'模版位 -中文'!I16) -> Thư chấp thuận/承認書 | J16: =_xlfn.CONCAT('模版位-越文'!J16,"/",'模版位 -中文'!J16) -> Chữ ký trả lại của khách hàng, lưu trữ dự án/客戶回簽,工程存檔
A17: 1-1-9 | D17: =_xlfn.CONCAT('模版位-越文'!D17,"/",'模版位 -中文'!D17) -> Thực hiện việc ban hành thông số kỹ thuật sản xuất/做制造規格發行 | E17: =_xlfn.CONCAT('模版位-越文'!E17,"/",'模版位 -中文'!E17) -> Kỹ thuật/工程 | F17: =_xlfn.CONCAT('模版位-越文'!F17,"/",'模版位 -中文'!F17) -> / | G17: =_xlfn.CONCAT('模版位-越文'!G17,"/",'模版位 -中文'!G17) -> Thông số kỹ thuật sản xuất được thực hiện theo kết quả xác nhận/依確認結果做制造規格 | H17: =_xlfn.CONCAT('模版位-越文'!H17,"/",'模版位 -中文'!H17) -> Quy trình vận hành kỹ thuật/工程作業流程 | I17: =_xlfn.CONCAT('模版位-越文'!I17,"/",'模版位 -中文'!I17) -> / | J17: =_xlfn.CONCAT('模版位-越文'!J17,"/",'模版位 -中文'!J17) -> /
A18: 1-2-1 | D18: =_xlfn.CONCAT('模版位-越文'!D18,"/",'模版位 -中文'!D18) -> Đặt hàng/下單 | E18: =_xlfn.CONCAT('模版位-越文'!E18,"/",'模版位 -中文'!E18) -> Khách hàng/客戶 | F18: =_xlfn.CONCAT('模版位-越文'!F18,"/",'模版位 -中文'!F18) -> / | G18: =_xlfn.CONCAT('模版位-越文'!G18,"/",'模版位 -中文'!G18) -> Phối hợp và xác nhận với khách hàng theo đơn đặt hàng/按照訂單與客戶協調并確認 | H18: =_xlfn.CONCAT('模版位-越文'!H18,"/",'模版位 -中文'!H18) -> / | I18: =_xlfn.CONCAT('模版位-越文'!I18,"/",'模版位 -中文'!I18) -> Đơn đặt hàng của khách hàng/客戶訂單 | J18: =_xlfn.CONCAT('模版位-越文'!J18,"/",'模版位 -中文'!J18) -> /
D19: =_xlfn.CONCAT('模版位-越文'!D19,"/",'模版位 -中文'!D19) -> / | E19: =_xlfn.CONCAT('模版位-越文'!E19,"/",'模版位 -中文'!E19) -> / | F19: =_xlfn.CONCAT('模版位-越文'!F19,"/",'模版位 -中文'!F19) -> / | G19: =_xlfn.CONCAT('模版位-越文'!G19,"/",'模版位 -中文'!G19) -> / | H19: =_xlfn.CONCAT('模版位-越文'!H19,"/",'模版位 -中文'!H19) -> / | I19: =_xlfn.CONCAT('模版位-越文'!I19,"/",'模版位 -中文'!I19) -> / | J19: =_xlfn.CONCAT('模版位-越文'!J19,"/",'模版位 -中文'!J19) -> /
A20: 1-2-2 | D20: =_xlfn.CONCAT('模版位-越文'!D20,"/",'模版位 -中文'!D20) -> Xác nhận đơn hàng/訂單確認 | E20: =_xlfn.CONCAT('模版位-越文'!E20,"/",'模版位 -中文'!E20) -> Kinh doanh/業務 | F20: =_xlfn.CONCAT('模版位-越文'!F20,"/",'模版位 -中文'!F20) -> / | G20: =_xlfn.CONCAT('模版位-越文'!G20,"/",'模版位 -中文'!G20) -> Xác nhận đơn giá của lệnh. Số lượng. Thời gian giao hàng. Thông số kỹ thuật và các yêu cầu khác./確認訂單單價.數量.交期. 規格及其他要求. | H20: =_xlfn.CONCAT('模版位-越文'!H20,"/",'模版位 -中文'!H20) -> / | I20: =_xlfn.CONCAT('模版位-越文'!I20,"/",'模版位 -中文'!I20) -> Đơn đặt hàng của khách hàng/客戶訂單 | J20: =_xlfn.CONCAT('模版位-越文'!J20,"/",'模版位 -中文'!J20) -> /
A21: 1-2-3 | D21: =_xlfn.CONCAT('模版位-越文'!D21,"/",'模版位 -中文'!D21) -> Xem xét hợp đồng/開合約審查 | E21: =_xlfn.CONCAT('模版位-越文'!E21,"/",'模版位 -中文'!E21) -> Kinh doanh/業務 | F21: =_xlfn.CONCAT('模版位-越文'!F21,"/",'模版位 -中文'!F21) -> Ống thô/生管 | G21: =_xlfn.CONCAT('模版位-越文'!G21,"/",'模版位 -中文'!G21) -> Theo yêu cầu đặt hàng của khách hàng, ban quản lý sản xuất được thông báo để sắp xếp sản xuất/按客戶訂單要求通知生管安排生產 | H21: =_xlfn.CONCAT('模版位-越文'!H21,"/",'模版位 -中文'!H21) -> / | I21: =_xlfn.CONCAT('模版位-越文'!I21,"/",'模版位 -中文'!I21) -> Mẫu hồ sơ xem xét hợp đồng/đơn hàng. Thông báo thay đổi thông số kỹ thuật/合約/訂單審查記錄表.規格變更通知單 | J21: =_xlfn.CONCAT('模版位-越文'!J21,"/",'模版位 -中文'!J21) -> /
D22: =_xlfn.CONCAT('模版位-越文'!D22,"/",'模版位 -中文'!D22) -> / | E22: =_xlfn.CONCAT('模版位-越文'!E22,"/",'模版位 -中文'!E22) -> / | F22: =_xlfn.CONCAT('模版位-越文'!F22,"/",'模版位 -中文'!F22) -> / | G22: =_xlfn.CONCAT('模版位-越文'!G22,"/",'模版位 -中文'!G22) -> / | H22: =_xlfn.CONCAT('模版位-越文'!H22,"/",'模版位 -中文'!H22) -> / | I22: =_xlfn.CONCAT('模版位-越文'!I22,"/",'模版位 -中文'!I22) -> / | J22: =_xlfn.CONCAT('模版位-越文'!J22,"/",'模版位 -中文'!J22) -> /
A23: 1-2-4 | D23: =_xlfn.CONCAT('模版位-越文'!D23,"/",'模版位 -中文'!D23) -> Viên chức y sinh trả lời/生管回覆 | E23: =_xlfn.CONCAT('模版位-越文'!E23,"/",'模版位 -中文'!E23) -> Ống thô/生管 | F23: =_xlfn.CONCAT('模版位-越文'!F23,"/",'模版位 -中文'!F23) -> Kinh doanh/業務 | G23: =_xlfn.CONCAT('模版位-越文'!G23,"/",'模版位 -中文'!G23) -> OK hoặc không thể liên hệ với doanh nghiệp thông báo và phối hợp với khách hàng/OK或無法達成通知業務與客戶協調 | H23: =_xlfn.CONCAT('模版位-越文'!H23,"/",'模版位 -中文'!H23) -> / | I23: =_xlfn.CONCAT('模版位-越文'!I23,"/",'模版位 -中文'!I23) -> / | J23: =_xlfn.CONCAT('模版位-越文'!J23,"/",'模版位 -中文'!J23) -> /
D24: =_xlfn.CONCAT('模版位-越文'!D24,"/",'模版位 -中文'!D24) -> / | E24: =_xlfn.CONCAT('模版位-越文'!E24,"/",'模版位 -中文'!E24) -> / | F24: =_xlfn.CONCAT('模版位-越文'!F24,"/",'模版位 -中文'!F24) -> / | G24: =_xlfn.CONCAT('模版位-越文'!G24,"/",'模版位 -中文'!G24) -> / | H24: =_xlfn.CONCAT('模版位-越文'!H24,"/",'模版位 -中文'!H24) -> / | I24: =_xlfn.CONCAT('模版位-越文'!I24,"/",'模版位 -中文'!I24) -> / | J24: =_xlfn.CONCAT('模版位-越文'!J24,"/",'模版位 -中文'!J24) -> /
A25: 1-2-5 | D25: =_xlfn.CONCAT('模版位-越文'!D25,"/",'模版位 -中文'!D25) -> Trả lại đơn hàng/訂單回傳 | E25: =_xlfn.CONCAT('模版位-越文'!E25,"/",'模版位 -中文'!E25) -> Kinh doanh/業務 | F25: =_xlfn.CONCAT('模版位-越文'!F25,"/",'模版位 -中文'!F25) -> / | G25: =_xlfn.CONCAT('模版位-越文'!G25,"/",'模版位 -中文'!G25) -> Xác nhận đơn hàng với khách hàng (thông số kỹ thuật. Số lượng. Định kỳ)/與客戶確認訂單(規格.數量.定期) | H25: =_xlfn.CONCAT('模版位-越文'!H25,"/",'模版位 -中文'!H25) -> / | I25: =_xlfn.CONCAT('模版位-越文'!I25,"/",'模版位 -中文'!I25) -> Đơn đặt hàng của khách hàng/客戶訂單 | J25: =_xlfn.CONCAT('模版位-越文'!J25,"/",'模版位 -中文'!J25) -> Gửi cho trợ lý giám đốc để ký/交協理簽字
D26: =_xlfn.CONCAT('模版位-越文'!D26,"/",'模版位 -中文'!D26) -> / | E26: =_xlfn.CONCAT('模版位-越文'!E26,"/",'模版位 -中文'!E26) -> / | F26: =_xlfn.CONCAT('模版位-越文'!F26,"/",'模版位 -中文'!F26) -> / | G26: =_xlfn.CONCAT('模版位-越文'!G26,"/",'模版位 -中文'!G26) -> Phối hợp với khách hàng (thông số kỹ thuật. Số lượng. Định kỳ)/與客戶協調(規格.數量.定期) | H26: =_xlfn.CONCAT('模版位-越文'!H26,"/",'模版位 -中文'!H26) -> / | I26: =_xlfn.CONCAT('模版位-越文'!I26,"/",'模版位 -中文'!I26) -> Lịch giao hàng/交貨計劃表 | J26: =_xlfn.CONCAT('模版位-越文'!J26,"/",'模版位 -中文'!J26) -> /
A27: 1-2-6 | D27: =_xlfn.CONCAT('模版位-越文'!D27,"/",'模版位 -中文'!D27) -> Vận chuyển, lập hóa đơn/出貨,開發票 | E27: =_xlfn.CONCAT('模版位-越文'!E27,"/",'模版位 -中文'!E27) -> Ống thô/生管 | F27: =_xlfn.CONCAT('模版位-越文'!F27,"/",'模版位 -中文'!F27) -> Tài chính/財務 | G27: =_xlfn.CONCAT('模版位-越文'!G27,"/",'模版位 -中文'!G27) -> Chuẩn bị giao hàng theo đơn đặt hàng của khách hàng hoặc theo thông báo của khách hàng/按客戶訂單準備出貨或按客戶通知 | H27: =_xlfn.CONCAT('模版位-越文'!H27,"/",'模版位 -中文'!H27) -> Quy trình vận hành quản lý sản xuất/生管作業流程 | I27: =_xlfn.CONCAT('模版位-越文'!I27,"/",'模版位 -中文'!I27) -> Phiếu giao hàng/送貨單 | J27: =_xlfn.CONCAT('模版位-越文'!J27,"/",'模版位 -中文'!J27) -> /
A28: 1-2-7 | D28: =_xlfn.CONCAT('模版位-越文'!D28,"/",'模版位 -中文'!D28) -> Bộ sưu tập/收款 | E28: =_xlfn.CONCAT('模版位-越文'!E28,"/",'模版位 -中文'!E28) -> Kinh doanh/業務 | F28: =_xlfn.CONCAT('模版位-越文'!F28,"/",'模版位 -中文'!F28) -> Tài chính/財務 | G28: =_xlfn.CONCAT('模版位-越文'!G28,"/",'模版位 -中文'!G28) -> Theo dõi thanh toán/追蹤貨款 | H28: =_xlfn.CONCAT('模版位-越文'!H28,"/",'模版位 -中文'!H28) -> / | I28: =_xlfn.CONCAT('模版位-越文'!I28,"/",'模版位 -中文'!I28) -> Hóa đơn và phiếu giao hàng/發票及送貨單 | J28: =_xlfn.CONCAT('模版位-越文'!J28,"/",'模版位 -中文'!J28) -> /
A29: 2-1 | D29: =_xlfn.CONCAT('模版位-越文'!D29,"/",'模版位 -中文'!D29) -> Sự hài lòng của khách hàng hàng năm/年度客戶滿意度 | E29: =_xlfn.CONCAT('模版位-越文'!E29,"/",'模版位 -中文'!E29) -> Kinh doanh/業務 | F29: =_xlfn.CONCAT('模版位-越文'!F29,"/",'模版位 -中文'!F29) -> / | G29: =_xlfn.CONCAT('模版位-越文'!G29,"/",'模版位 -中文'!G29) -> Chất lượng, giao hàng, dịch vụ, v.v. được sử dụng làm cơ sở để đánh giá/以品質、交期、服務等為考核依據 | H29: =_xlfn.CONCAT('模版位-越文'!H29,"/",'模版位 -中文'!H29) -> / | I29: =_xlfn.CONCAT('模版位-越文'!I29,"/",'模版位 -中文'!I29) -> / | J29: =_xlfn.CONCAT('模版位-越文'!J29,"/",'模版位 -中文'!J29) -> Fax cho khách hàng và yêu cầu họ trả lại/Fax至客戶並要求其回傳
A30: 2-2 | D30: =_xlfn.CONCAT('模版位-越文'!D30,"/",'模版位 -中文'!D30) -> Thời gian. Đối tượng/時間.對象 | E30: =_xlfn.CONCAT('模版位-越文'!E30,"/",'模版位 -中文'!E30) -> Kinh doanh/業務 | F30: =_xlfn.CONCAT('模版位-越文'!F30,"/",'模版位 -中文'!F30) -> / | G30: =_xlfn.CONCAT('模版位-越文'!G30,"/",'模版位 -中文'!G30) -> không thường xuyên, tiêu chuẩn mục tiêu/不定期,對象標準 | H30: =_xlfn.CONCAT('模版位-越文'!H30,"/",'模版位 -中文'!H30) -> / | I30: =_xlfn.CONCAT('模版位-越文'!I30,"/",'模版位 -中文'!I30) -> Bảng câu hỏi về sự hài lòng của khách hàng/客戶滿意度調查表 | J30: =_xlfn.CONCAT('模版位-越文'!J30,"/",'模版位 -中文'!J30) -> Sắp xếp và phân tích thông tin thu được từ dịch vụ sau bán hàng sáu tháng một lần/半年對售后服務取得的資訊進行整理、統計、分析
A31: 2-3 | D31: =_xlfn.CONCAT('模版位-越文'!D31,"/",'模版位 -中文'!D31) -> Phân tích phản hồi/分析反饋資訊 | E31: =_xlfn.CONCAT('模版位-越文'!E31,"/",'模版位 -中文'!E31) -> Các bộ phận liên quan/相關部門 | F31: =_xlfn.CONCAT('模版位-越文'!F31,"/",'模版位 -中文'!F31) -> / | G31: =_xlfn.CONCAT('模版位-越文'!G31,"/",'模版位 -中文'!G31) -> 1. Không đạt điểm đậu trở lên/1.未達及格分以上 | H31: =_xlfn.CONCAT('模版位-越文'!H31,"/",'模版位 -中文'!H31) -> Bảng câu hỏi về sự hài lòng của khách hàng/客戶滿意度調查表 | I31: =_xlfn.CONCAT('模版位-越文'!I31,"/",'模版位 -中文'!I31) -> Bảng câu hỏi về sự hài lòng của khách hàng/客戶滿意度調查表 | J31: =_xlfn.CONCAT('模版位-越文'!J31,"/",'模版位 -中文'!J31) -> /
D32: =_xlfn.CONCAT('模版位-越文'!D32,"/",'模版位 -中文'!D32) -> / | E32: =_xlfn.CONCAT('模版位-越文'!E32,"/",'模版位 -中文'!E32) -> / | F32: =_xlfn.CONCAT('模版位-越文'!F32,"/",'模版位 -中文'!F32) -> / | G32: =_xlfn.CONCAT('模版位-越文'!G32,"/",'模版位 -中文'!G32) -> 2. Gợi ý của khách hàng/2.客戶建議事項 | H32: =_xlfn.CONCAT('模版位-越文'!H32,"/",'模版位 -中文'!H32) -> / | I32: =_xlfn.CONCAT('模版位-越文'!I32,"/",'模版位 -中文'!I32) -> / | J32: =_xlfn.CONCAT('模版位-越文'!J32,"/",'模版位 -中文'!J32) -> /
A33: 2-4 | D33: =_xlfn.CONCAT('模版位-越文'!D33,"/",'模版位 -中文'!D33) -> Xem xét với các bộ phận liên quan/與相關部門檢討 | E33: =_xlfn.CONCAT('模版位-越文'!E33,"/",'模版位 -中文'!E33) -> Kinh doanh/業務 | F33: =_xlfn.CONCAT('模版位-越文'!F33,"/",'模版位 -中文'!F33) -> / | G33: =_xlfn.CONCAT('模版位-越文'!G33,"/",'模版位 -中文'!G33) -> Thảo luận hai điểm trên/討論以上2點 | H33: =_xlfn.CONCAT('模版位-越文'!H33,"/",'模版位 -中文'!H33) -> / | I33: =_xlfn.CONCAT('模版位-越文'!I33,"/",'模版位 -中文'!I33) -> / | J33: =_xlfn.CONCAT('模版位-越文'!J33,"/",'模版位 -中文'!J33) -> /
A34: 2-5 | D34: =_xlfn.CONCAT('模版位-越文'!D34,"/",'模版位 -中文'!D34) -> cải thiện/改善 | E34: =_xlfn.CONCAT('模版位-越文'!E34,"/",'模版位 -中文'!E34) -> Đảm bảo chất lượng/品保 | F34: =_xlfn.CONCAT('模版位-越文'!F34,"/",'模版位 -中文'!F34) -> Các bộ phận liên quan/相關部門 | G34: =_xlfn.CONCAT('模版位-越文'!G34,"/",'模版位 -中文'!G34) -> 1. Cải tiến chất lượng/1.品質提昇 | H34: =_xlfn.CONCAT('模版位-越文'!H34,"/",'模版位 -中文'!H34) -> / | I34: =_xlfn.CONCAT('模版位-越文'!I34,"/",'模版位 -中文'!I34) -> / | J34: =_xlfn.CONCAT('模版位-越文'!J34,"/",'模版位 -中文'!J34) -> /
D35: =_xlfn.CONCAT('模版位-越文'!D35,"/",'模版位 -中文'!D35) -> / | E35: =_xlfn.CONCAT('模版位-越文'!E35,"/",'模版位 -中文'!E35) -> / | F35: =_xlfn.CONCAT('模版位-越文'!F35,"/",'模版位 -中文'!F35) -> / | G35: =_xlfn.CONCAT('模版位-越文'!G35,"/",'模版位 -中文'!G35) -> 2. Đáp ứng nhu cầu của khách hàng/2.滿足客戶需求 | H35: =_xlfn.CONCAT('模版位-越文'!H35,"/",'模版位 -中文'!H35) -> / | I35: =_xlfn.CONCAT('模版位-越文'!I35,"/",'模版位 -中文'!I35) -> / | J35: =_xlfn.CONCAT('模版位-越文'!J35,"/",'模版位 -中文'!J35) -> /
A36: 2-6 | D36: =_xlfn.CONCAT('模版位-越文'!D36,"/",'模版位 -中文'!D36) -> So sánh với các năm trước/與往年作比較 | E36: =_xlfn.CONCAT('模版位-越文'!E36,"/",'模版位 -中文'!E36) -> Kinh doanh/業務 | F36: =_xlfn.CONCAT('模版位-越文'!F36,"/",'模版位 -中文'!F36) -> / | G36: =_xlfn.CONCAT('模版位-越文'!G36,"/",'模版位 -中文'!G36) -> Cho dù có cải thiện hay không/是否有提升 | H36: =_xlfn.CONCAT('模版位-越文'!H36,"/",'模版位 -中文'!H36) -> / | I36: =_xlfn.CONCAT('模版位-越文'!I36,"/",'模版位 -中文'!I36) -> / | J36: =_xlfn.CONCAT('模版位-越文'!J36,"/",'模版位 -中文'!J36) -> /
A37: 2-7 | D37: =_xlfn.CONCAT('模版位-越文'!D37,"/",'模版位 -中文'!D37) -> Khai thuế/歸檔 | E37: =_xlfn.CONCAT('模版位-越文'!E37,"/",'模版位 -中文'!E37) -> Kinh doanh/業務 | F37: =_xlfn.CONCAT('模版位-越文'!F37,"/",'模版位 -中文'!F37) -> / | G37: =_xlfn.CONCAT('模版位-越文'!G37,"/",'模版位 -中文'!G37) -> / | H37: =_xlfn.CONCAT('模版位-越文'!H37,"/",'模版位 -中文'!H37) -> / | I37: =_xlfn.CONCAT('模版位-越文'!I37,"/",'模版位 -中文'!I37) -> / | J37: =_xlfn.CONCAT('模版位-越文'!J37,"/",'模版位 -中文'!J37) -> /

Sheet 操作位-中越合并
A1: =_xlfn.CONCAT('模版位-越文'!A1,"/",'模版位 -中文'!A1) -> Tên lưu đồ:/流程圖名稱: | B1: =_xlfn.CONCAT('模版位-越文'!B1,"/",'模版位 -中文'!B1) -> Sơ đồ hoạt động kinh doanh/業務作業流程圖 | D1: =_xlfn.CONCAT('模版位-越文'!D1,"/",'模版位 -中文'!D1) -> Ngày phát hành/發行日期 | E1: ='模版位 -中文'!E1 -> 45979 | G1: =_xlfn.CONCAT('模版位-越文'!G1,"/",'模版位 -中文'!G1) -> Ngày sửa đổi/修訂日期 | I1: ='模版位 -中文'!I1 -> 45979 | J1: =_xlfn.CONCAT('模版位-越文'!J1,"/",'模版位 -中文'!J1) -> Phát hành và quản lý sơ đồ dòng chảy/流 程 圖 發 行 管 制
A2: =_xlfn.CONCAT('模版位-越文'!A2,"/",'模版位 -中文'!A2) -> Số sơ đồ:/流程圖編號: | B2: ='模版位 -中文'!B2 -> WP001 | D2: =_xlfn.CONCAT('模版位-越文'!D2,"/",'模版位 -中文'!D2) -> Ngày thực hiện/執行日期 | E2: ='模版位 -中文'!E2 -> 45979 | G2: =_xlfn.CONCAT('模版位-越文'!G2,"/",'模版位 -中文'!G2) -> Phiên bản/版 本 | I2: ='模版位 -中文'!I2 -> 1
A3: =_xlfn.CONCAT('模版位-越文'!A3,"/",'模版位 -中文'!A3) -> Phê duyệt:/核 准 : | C3: =_xlfn.CONCAT('模版位-越文'!C3,"/",'模版位 -中文'!C3) -> Đánh giá:/審 核： | F3: =_xlfn.CONCAT('模版位-越文'!F3,"/",'模版位 -中文'!F3) -> Sản xuất:/制 作 : | H3: ='模版位 -中文'!H3 -> 梅海春
A4: Số thứ tự | B4: Ký hiệu lưu đồ | D4: Tên công việc | E4: Bộ phận phụ trách | F4: Bộ phận hỗ trợ | G4: Mô tả tóm tắt công việc | H4: Tài liệu tham khảo | I4: Biểu mẫu sử dụng | J4: Ghi chú
A5: 編號 | B5: 流程圖符號 | D5: 工作名稱 | E5: 負責部門 | F5: 協助部門 | G5: 工作綱要說明 | H5: 參考文件 | I5: 使用表單 | J5: 備註
A8: 1-1-1 | D8: =_xlfn.CONCAT('模版位-越文'!D8,"/",'模版位 -中文'!D8) -> Khách hàng/客戶 | G8: =_xlfn.CONCAT('模版位-越文'!G8,"/",'模版位 -中文'!G8) -> Hỏi về các sản phẩm liên quan/詢問相關產品 | I8: =_xlfn.CONCAT('模版位-越文'!I8,"/",'模版位 -中文'!I8) -> E-mail, Điện thoại, Fax/E-mail,Tel,Fax
A9: 1-1-2 | D9: =_xlfn.CONCAT('模版位-越文'!D9,"/",'模版位 -中文'!D9) -> Cuộc điều tra/詢價 | E9: =_xlfn.CONCAT('模版位-越文'!E9,"/",'模版位 -中文'!E9) -> Kinh doanh/業務 | G9: =_xlfn.CONCAT('模版位-越文'!G9,"/",'模版位 -中文'!G9) -> Hỏi về đơn giá/詢問單價
A10: 1-1-3 | D10: =_xlfn.CONCAT('模版位-越文'!D10,"/",'模版位 -中文'!D10) -> Kiểm toán kỹ thuật/工程審核 | E10: =_xlfn.CONCAT('模版位-越文'!E10,"/",'模版位 -中文'!E10) -> Kỹ thuật/工程 | F10: =_xlfn.CONCAT('模版位-越文'!F10,"/",'模版位 -中文'!F10) -> Kinh doanh/業務 | G10: =_xlfn.CONCAT('模版位-越文'!G10,"/",'模版位 -中文'!G10) -> Gửi dữ liệu yêu cầu của khách hàng đến thông số kỹ thuật đánh giá dự án/將客戶詢價資料交工程審核規格 | I10: =_xlfn.CONCAT('模版位-越文'!I10,"/",'模版位 -中文'!I10) -> Mẫu đánh giá mẫu/打樣審核表
A11: 1-1-4 | D11: =_xlfn.CONCAT('模版位-越文'!D11,"/",'模版位 -中文'!D11) -> Báo giá/報價 | E11: =_xlfn.CONCAT('模版位-越文'!E11,"/",'模版位 -中文'!E11) -> Kinh doanh/業務 | G11: =_xlfn.CONCAT('模版位-越文'!G11,"/",'模版位 -中文'!G11) -> Tính toán chi phí và lập báo giá. Số fax. Thư điện tử. Xác nhận./核算成本,制作報價單.傳真.E-mail. 確認. | H11: =_xlfn.CONCAT('模版位-越文'!H11,"/",'模版位 -中文'!H11) -> Thông tin thắc mắc của khách hàng/客戶詢價資料 | I11: =_xlfn.CONCAT('模版位-越文'!I11,"/",'模版位 -中文'!I11) -> Báo giá/報價單 | J11: =_xlfn.CONCAT('模版位-越文'!J11,"/",'模版位 -中文'!J11) -> tổng giám đốc hoặc phó tổng giám đốc ký/交總經理或副總經理簽字
A12: 1-1-5 | D12: =_xlfn.CONCAT('模版位-越文'!D12,"/",'模版位 -中文'!D12) -> Mẫu vật/索樣 | E12: =_xlfn.CONCAT('模版位-越文'!E12,"/",'模版位 -中文'!E12) -> Kinh doanh/業務 | F12: =_xlfn.CONCAT('模版位-越文'!F12,"/",'模版位 -中文'!F12) -> Kỹ thuật/工程 | G12: =_xlfn.CONCAT('模版位-越文'!G12,"/",'模版位 -中文'!G12) -> Theo thông số kỹ thuật của báo giá. Số lượng. Ngày nộp hồ sơ/按報價的規格.數量.交樣日期 | I12: =_xlfn.CONCAT('模版位-越文'!I12,"/",'模版位 -中文'!I12) -> Đơn đặt hàng theo yêu cầu mẫu/樣品需求單 | J12: =_xlfn.CONCAT('模版位-越文'!J12,"/",'模版位 -中文'!J12) -> Theo yêu cầu của khách hàng (một số khách hàng yêu cầu mẫu trước rồi mới báo giá)/依客戶要求(有些客戶先索樣再報價)
A13: 1-1-6 | D13: =_xlfn.CONCAT('模版位-越文'!D13,"/",'模版位 -中文'!D13) -> Sắp xếp kiểm tra/安排打樣 | E13: =_xlfn.CONCAT('模版位-越文'!E13,"/",'模版位 -中文'!E13) -> Kỹ thuật/工程 | F13: =_xlfn.CONCAT('模版位-越文'!F13,"/",'模版位 -中文'!F13) -> Kinh doanh/業務 | G13: =_xlfn.CONCAT('模版位-越文'!G13,"/",'模版位 -中文'!G13) -> Các mẫu liên quan được thực hiện trong xưởng/交車間制作相關樣品 | I13: =_xlfn.CONCAT('模版位-越文'!I13,"/",'模版位 -中文'!I13) -> Đơn đặt hàng yêu cầu mẫu, đơn đặt hàng sản xuất kiểm tra/樣品需求單、打樣制造單
A14: 1-1-7 | D14: =_xlfn.CONCAT('模版位-越文'!D14,"/",'模版位 -中文'!D14) -> Gửi mẫu/送樣 | E14: =_xlfn.CONCAT('模版位-越文'!E14,"/",'模版位 -中文'!E14) -> Kinh doanh/業務 | F14: =_xlfn.CONCAT('模版位-越文'!F14,"/",'模版位 -中文'!F14) -> Kỹ thuật/工程 | G14: =_xlfn.CONCAT('模版位-越文'!G14,"/",'模版位 -中文'!G14) -> Gửi mẫu và giấy chứng nhận phê duyệt cho khách hàng/將樣品及承認書交客戶 | I14: =_xlfn.CONCAT('模版位-越文'!I14,"/",'模版位 -中文'!I14) -> Bản sao đăng ký giao hàng mẫu/送樣登記本
G15: =_xlfn.CONCAT('模版位-越文'!G15,"/",'模版位 -中文'!G15) -> Lấy mẫu lại/重新送樣
A16: 1-1-8 | D16: =_xlfn.CONCAT('模版位-越文'!D16,"/",'模版位 -中文'!D16) -> Làm theo sự thôi thúc để thừa nhận/跟催承認 | E16: =_xlfn.CONCAT('模版位-越文'!E16,"/",'模版位 -中文'!E16) -> Kinh doanh/業務 | G16: =_xlfn.CONCAT('模版位-越文'!G16,"/",'模版位 -中文'!G16) -> Theo dõi kết quả xác nhận/追蹤承認結果 | I16: =_xlfn.CONCAT('模版位-越文'!I16,"/",'模版位 -中文'!I16) -> Thư chấp thuận/承認書 | J16: =_xlfn.CONCAT('模版位-越文'!J16,"/",'模版位 -中文'!J16) -> Chữ ký trả lại của khách hàng, lưu trữ dự án/客戶回簽,工程存檔
A17: 1-1-9 | D17: =_xlfn.CONCAT('模版位-越文'!D17,"/",'模版位 -中文'!D17) -> Thực hiện việc ban hành thông số kỹ thuật sản xuất/做制造規格發行 | E17: =_xlfn.CONCAT('模版位-越文'!E17,"/",'模版位 -中文'!E17) -> Kỹ thuật/工程 | G17: =_xlfn.CONCAT('模版位-越文'!G17,"/",'模版位 -中文'!G17) -> Thông số kỹ thuật sản xuất được thực hiện theo kết quả xác nhận/依確認結果做制造規格 | H17: =_xlfn.CONCAT('模版位-越文'!H17,"/",'模版位 -中文'!H17) -> Quy trình vận hành kỹ thuật/工程作業流程
A18: 1-2-1 | D18: =_xlfn.CONCAT('模版位-越文'!D18,"/",'模版位 -中文'!D18) -> Đặt hàng/下單 | E18: =_xlfn.CONCAT('模版位-越文'!E18,"/",'模版位 -中文'!E18) -> Khách hàng/客戶 | G18: =_xlfn.CONCAT('模版位-越文'!G18,"/",'模版位 -中文'!G18) -> Phối hợp và xác nhận với khách hàng theo đơn đặt hàng/按照訂單與客戶協調并確認 | I18: =_xlfn.CONCAT('模版位-越文'!I18,"/",'模版位 -中文'!I18) -> Đơn đặt hàng của khách hàng/客戶訂單
B19: =_xlfn.CONCAT('模版位-越文'!B19,"/",'模版位 -中文'!B19) -> KHÔNG/NO
A20: 1-2-2 | D20: =_xlfn.CONCAT('模版位-越文'!D20,"/",'模版位 -中文'!D20) -> Xác nhận đơn hàng/訂單確認 | E20: =_xlfn.CONCAT('模版位-越文'!E20,"/",'模版位 -中文'!E20) -> Kinh doanh/業務 | G20: =_xlfn.CONCAT('模版位-越文'!G20,"/",'模版位 -中文'!G20) -> Xác nhận đơn giá của lệnh. Số lượng. Thời gian giao hàng. Thông số kỹ thuật và các yêu cầu khác./確認訂單單價.數量.交期. 規格及其他要求. | I20: =_xlfn.CONCAT('模版位-越文'!I20,"/",'模版位 -中文'!I20) -> Đơn đặt hàng của khách hàng/客戶訂單
A21: 1-2-3 | B21: =_xlfn.CONCAT('模版位-越文'!B21,"/",'模版位 -中文'!B21) -> Bên ngoài/ 外部 | D21: =_xlfn.CONCAT('模版位-越文'!D21,"/",'模版位 -中文'!D21) -> Xem xét hợp đồng/開合約審查 | E21: =_xlfn.CONCAT('模版位-越文'!E21,"/",'模版位 -中文'!E21) -> Kinh doanh/業務 | F21: =_xlfn.CONCAT('模版位-越文'!F21,"/",'模版位 -中文'!F21) -> Ống thô/生管 | G21: =_xlfn.CONCAT('模版位-越文'!G21,"/",'模版位 -中文'!G21) -> Theo yêu cầu đặt hàng của khách hàng, ban quản lý sản xuất được thông báo để sắp xếp sản xuất/按客戶訂單要求通知生管安排生產 | I21: =_xlfn.CONCAT('模版位-越文'!I21,"/",'模版位 -中文'!I21) -> Mẫu hồ sơ xem xét hợp đồng/đơn hàng. Thông báo thay đổi thông số kỹ thuật/合約/訂單審查記錄表.規格變更通知單
B22: =_xlfn.CONCAT('模版位-越文'!B22,"/",'模版位 -中文'!B22) -> Thay đổi/ 變更
A23: 1-2-4 | B23: =_xlfn.CONCAT('模版位-越文'!B23,"/",'模版位 -中文'!B23) -> Bên trong/ 內部 | D23: =_xlfn.CONCAT('模版位-越文'!D23,"/",'模版位 -中文'!D23) -> Viên chức y sinh trả lời/生管回覆 | E23: =_xlfn.CONCAT('模版位-越文'!E23,"/",'模版位 -中文'!E23) -> Ống thô/生管 | F23: =_xlfn.CONCAT('模版位-越文'!F23,"/",'模版位 -中文'!F23) -> Kinh doanh/業務 | G23: =_xlfn.CONCAT('模版位-越文'!G23,"/",'模版位 -中文'!G23) -> OK hoặc không thể liên hệ với doanh nghiệp thông báo và phối hợp với khách hàng/OK或無法達成通知業務與客戶協調
B24: =_xlfn.CONCAT('模版位-越文'!B24,"/",'模版位 -中文'!B24) -> Thay đổi/ 變更
A25: 1-2-5 | B25: =_xlfn.CONCAT('模版位-越文'!B25,"/",'模版位 -中文'!B25) -> KHÔNG/ NO | D25: =_xlfn.CONCAT('模版位-越文'!D25,"/",'模版位 -中文'!D25) -> Trả lại đơn hàng/訂單回傳 | E25: =_xlfn.CONCAT('模版位-越文'!E25,"/",'模版位 -中文'!E25) -> Kinh doanh/業務 | G25: =_xlfn.CONCAT('模版位-越文'!G25,"/",'模版位 -中文'!G25) -> Xác nhận đơn hàng với khách hàng (thông số kỹ thuật. Số lượng. Định kỳ)/與客戶確認訂單(規格.數量.定期) | I25: =_xlfn.CONCAT('模版位-越文'!I25,"/",'模版位 -中文'!I25) -> Đơn đặt hàng của khách hàng/客戶訂單 | J25: =_xlfn.CONCAT('模版位-越文'!J25,"/",'模版位 -中文'!J25) -> Gửi cho trợ lý giám đốc để ký/交協理簽字
G26: =_xlfn.CONCAT('模版位-越文'!G26,"/",'模版位 -中文'!G26) -> Phối hợp với khách hàng (thông số kỹ thuật. Số lượng. Định kỳ)/與客戶協調(規格.數量.定期) | I26: =_xlfn.CONCAT('模版位-越文'!I26,"/",'模版位 -中文'!I26) -> Lịch giao hàng/交貨計劃表
A27: 1-2-6 | D27: =_xlfn.CONCAT('模版位-越文'!D27,"/",'模版位 -中文'!D27) -> Vận chuyển, lập hóa đơn/出貨,開發票 | E27: =_xlfn.CONCAT('模版位-越文'!E27,"/",'模版位 -中文'!E27) -> Ống thô/生管 | F27: =_xlfn.CONCAT('模版位-越文'!F27,"/",'模版位 -中文'!F27) -> Tài chính/財務 | G27: =_xlfn.CONCAT('模版位-越文'!G27,"/",'模版位 -中文'!G27) -> Chuẩn bị giao hàng theo đơn đặt hàng của khách hàng hoặc theo thông báo của khách hàng/按客戶訂單準備出貨或按客戶通知 | H27: =_xlfn.CONCAT('模版位-越文'!H27,"/",'模版位 -中文'!H27) -> Quy trình vận hành quản lý sản xuất/生管作業流程 | I27: =_xlfn.CONCAT('模版位-越文'!I27,"/",'模版位 -中文'!I27) -> Phiếu giao hàng/送貨單
A28: 1-2-7 | D28: =_xlfn.CONCAT('模版位-越文'!D28,"/",'模版位 -中文'!D28) -> Bộ sưu tập/收款 | E28: =_xlfn.CONCAT('模版位-越文'!E28,"/",'模版位 -中文'!E28) -> Kinh doanh/業務 | F28: =_xlfn.CONCAT('模版位-越文'!F28,"/",'模版位 -中文'!F28) -> Tài chính/財務 | G28: =_xlfn.CONCAT('模版位-越文'!G28,"/",'模版位 -中文'!G28) -> Theo dõi thanh toán/追蹤貨款 | I28: =_xlfn.CONCAT('模版位-越文'!I28,"/",'模版位 -中文'!I28) -> Hóa đơn và phiếu giao hàng/發票及送貨單
A29: 2-1 | D29: =_xlfn.CONCAT('模版位-越文'!D29,"/",'模版位 -中文'!D29) -> Sự hài lòng của khách hàng hàng năm/年度客戶滿意度 | E29: =_xlfn.CONCAT('模版位-越文'!E29,"/",'模版位 -中文'!E29) -> Kinh doanh/業務 | G29: =_xlfn.CONCAT('模版位-越文'!G29,"/",'模版位 -中文'!G29) -> Chất lượng, giao hàng, dịch vụ, v.v. được sử dụng làm cơ sở để đánh giá/以品質、交期、服務等為考核依據 | J29: =_xlfn.CONCAT('模版位-越文'!J29,"/",'模版位 -中文'!J29) -> Fax cho khách hàng và yêu cầu họ trả lại/Fax至客戶並要求其回傳
A30: 2-2 | D30: =_xlfn.CONCAT('模版位-越文'!D30,"/",'模版位 -中文'!D30) -> Thời gian. Đối tượng/時間.對象 | E30: =_xlfn.CONCAT('模版位-越文'!E30,"/",'模版位 -中文'!E30) -> Kinh doanh/業務 | G30: =_xlfn.CONCAT('模版位-越文'!G30,"/",'模版位 -中文'!G30) -> không thường xuyên, tiêu chuẩn mục tiêu/不定期,對象標準 | I30: =_xlfn.CONCAT('模版位-越文'!I30,"/",'模版位 -中文'!I30) -> Bảng câu hỏi về sự hài lòng của khách hàng/客戶滿意度調查表 | J30: =_xlfn.CONCAT('模版位-越文'!J30,"/",'模版位 -中文'!J30) -> Sắp xếp và phân tích thông tin thu được từ dịch vụ sau bán hàng sáu tháng một lần/半年對售后服務取得的資訊進行整理、統計、分析
A31: 2-3 | D31: =_xlfn.CONCAT('模版位-越文'!D31,"/",'模版位 -中文'!D31) -> Phân tích phản hồi/分析反饋資訊 | E31: =_xlfn.CONCAT('模版位-越文'!E31,"/",'模版位 -中文'!E31) -> Các bộ phận liên quan/相關部門 | G31: =_xlfn.CONCAT('模版位-越文'!G31,"/",'模版位 -中文'!G31) -> 1. Không đạt điểm đậu trở lên/1.未達及格分以上 | H31: =_xlfn.CONCAT('模版位-越文'!H31,"/",'模版位 -中文'!H31) -> Bảng câu hỏi về sự hài lòng của khách hàng/客戶滿意度調查表 | I31: =_xlfn.CONCAT('模版位-越文'!I31,"/",'模版位 -中文'!I31) -> Bảng câu hỏi về sự hài lòng của khách hàng/客戶滿意度調查表
G32: =_xlfn.CONCAT('模版位-越文'!G32,"/",'模版位 -中文'!G32) -> 2. Gợi ý của khách hàng/2.客戶建議事項
A33: 2-4 | D33: =_xlfn.CONCAT('模版位-越文'!D33,"/",'模版位 -中文'!D33) -> Xem xét với các bộ phận liên quan/與相關部門檢討 | E33: =_xlfn.CONCAT('模版位-越文'!E33,"/",'模版位 -中文'!E33) -> Kinh doanh/業務 | G33: =_xlfn.CONCAT('模版位-越文'!G33,"/",'模版位 -中文'!G33) -> Thảo luận hai điểm trên/討論以上2點
A34: 2-5 | D34: =_xlfn.CONCAT('模版位-越文'!D34,"/",'模版位 -中文'!D34) -> cải thiện/改善 | E34: =_xlfn.CONCAT('模版位-越文'!E34,"/",'模版位 -中文'!E34) -> Đảm bảo chất lượng/品保 | F34: =_xlfn.CONCAT('模版位-越文'!F34,"/",'模版位 -中文'!F34) -> Các bộ phận liên quan/相關部門 | G34: =_xlfn.CONCAT('模版位-越文'!G34,"/",'模版位 -中文'!G34) -> 1. Cải tiến chất lượng/1.品質提昇
G35: =_xlfn.CONCAT('模版位-越文'!G35,"/",'模版位 -中文'!G35) -> 2. Đáp ứng nhu cầu của khách hàng/2.滿足客戶需求
A36: 2-6 | D36: =_xlfn.CONCAT('模版位-越文'!D36,"/",'模版位 -中文'!D36) -> So sánh với các năm trước/與往年作比較 | E36: =_xlfn.CONCAT('模版位-越文'!E36,"/",'模版位 -中文'!E36) -> Kinh doanh/業務 | G36: =_xlfn.CONCAT('模版位-越文'!G36,"/",'模版位 -中文'!G36) -> Cho dù có cải thiện hay không/是否有提升
A37: 2-7 | D37: =_xlfn.CONCAT('模版位-越文'!D37,"/",'模版位 -中文'!D37) -> Khai thuế/歸檔 | E37: =_xlfn.CONCAT('模版位-越文'!E37,"/",'模版位 -中文'!E37) -> Kinh doanh/業務
